state_code,year,All Industry Total - Dollars,Consumption - Billion Btu,Fossil Fuel Consumption - Billion Btu,Fossil Fuel Production - Billion Btu,GDP per Capita - Dollars,Nuclear Consumption - Billion Btu,Population - Individual Person,Production - Billion Btu,Renewable Consumption - Billion Btu,Renewable Production - Billion Btu,Total Expenditure - Dollars
AK,1970,2359000000,182039,173203,493537,7853,0,300382,615010,8835,17670,188000000
AL,1970,12475000000,1393497,1335403,545922,3622,0,3444165,679413,132471,264941,1406000000
AR,1970,6667000000,708904,630108,110617,3466,0,1923295,355074,56933,113865,801000000
AZ,1970,8569000000,520401,426304,13262,4839,0,1770900,83347,68919,137838,743000000
CA,1970,1.11985E+11,5499139,4805642,2013508,5612,34375,19953134,3309614,521978,1043956,7000000000
CO,1970,10431000000,677623,664055,274942,4726,0,2207259,405522,21329,42658,865000000
CT,1970,16347000000,693930,669103,0,5392,39567,3031709,58859,19293,38586,1175000000
DE,1970,3166000000,219722,218169,0,5776,0,548104,7021,7021,14042,263000000
FL,1970,30691000000,1577450,1532980,17394,4520,0,6789443,68429,51035,102070,2610000000
GA,1970,19365000000,1280820,1089575,0,4219,0,4589575,98222,98222,196444,1768000000
HI,1970,4813000000,196947,195388,0,6262,0,768561,1559,1559,3119,274000000
IA,1970,12957000000,850609,829230,20385,4588,0,2824376,36465,16080,32160,1261000000
ID,1970,3015000000,296399,162505,0,4231,0,712567,85735,85735,171471,348000000
IL,1970,62763000000,3696737,3610688,1699375,5647,27600,11113976,1776784,41064,82128,4931000000
IN,1970,24546000000,2219775,2286565,539641,4726,0,5193669,568289,28494,56988,2559000000
KS,1970,9755000000,874267,888155,526818,4342,0,2246578,1492430,3730,7460,919000000
KY,1970,13943000000,1104720,1136950,3084700,4332,0,3218706,3231222,57023,114045,1296000000
LA,1970,17177000000,2836864,2794565,3363907,4717,0,3641306,9358093,41620,83240,1818000000
MA,1970,29052000000,1464384,1410954,0,5107,13272,5689170,78316,65043,130086,2296000000
MD,1970,18720000000,1067972,999790,40879,4773,0,3922399,93491,51782,103563,1522000000
ME,1970,3959000000,302380,234453,0,3991,0,992048,59420,59420,118840,438000000
MI,1970,46178000000,2702538,2606040,67819,5203,4113,8875083,169325,54309,108619,3718000000
MN,1970,18700000000,1107892,1035200,0,4915,0,3804971,32822,32822,65644,1650000000
MO,1970,22230000000,1309269,1283465,94288,4754,0,4676501,127720,33344,66688,1937000000
MS,1970,7253000000,746912,655290,377690,3272,0,2216912,542511,33527,67054,837000000
MT,1970,2919000000,322784,228793,281224,4204,0,694409,429035,98397,196793,334000000
NC,1970,22840000000,1342676,1264516,0,4494,0,5082059,111796,111796,223592,1917000000
ND,1970,2294000000,191117,206554,201450,3713,0,617761,275962,29922,59844,290000000
NE,1970,6907000000,487481,446072,66416,4656,0,1483493,89310,15950,31900,668000000
NH,1970,3050000000,186601,173815,0,4135,0,737681,25321,25321,50642,317000000
NJ,1970,38492000000,1977939,1894413,0,5370,37917,7168164,63823,25906,51812,3052000000
NM,1970,4431000000,458694,547645,881165,4361,0,1016000,2202887,5548,11096,462000000
NV,1970,3262000000,190122,164598,864,6674,0,488738,19186,18322,36644,277000000
NY,1970,1.12349E+11,4303439,3971769,6925,6161,46908,18236967,382753,325491,650982,6363000000
OH,1970,53714000000,3932645,3720008,1355772,5043,0,10652017,1453233,44149,88298,4647000000
OK,1970,10369000000,939226,981599,1358079,4052,0,2559229,3120462,21730,43460,1051000000
OR,1970,9798000000,752924,397097,0,4685,0,2091385,371350,371350,742699,881000000
PA,1970,56670000000,4106916,4025797,2381706,4805,5102,11793909,2533825,67525,135050,4792000000
RI,1970,4311000000,222536,192979,0,4554,0,946725,5268,5268,10537,357000000
SC,1970,9556000000,745729,604843,0,3689,76,2590516,65140,65064,130128,970000000
SD,1970,2438000000,168792,145925,928,3663,0,665507,71113,70185,140369,307000000
TN,1970,16100000000,1365610,1054760,208641,4103,0,3923687,347124,138417,276834,1481000000
TX,1970,52314000000,6921781,6844936,7264498,4672,0,11196730,16540958,62757,125514,5458000000
US,1970,1.0123E+12,67720114,63461717,35278233,4981,239347,203211926,63636084,4070021,8140042,82875000000
UT,1970,4448000000,397019,358980,245097,4199,0,1059273,298075,10079,20158,429000000
VA,1970,21048000000,1279028,1161093,960266,4528,0,4648494,1025855,62711,125423,1751000000
VT,1970,1980000000,113222,78701,0,4456,0,444330,14717,14717,29433,204000000
WA,1970,18112000000,1294145,670815,603,5313,28693,3409169,825416,796121,1592242,1250000000
WI,1970,20193000000,1289050,1235920,0,4571,1725,4417731,60038,58313,116626,1820000000
WV,1970,7088000000,795739,953371,3670232,4064,0,1744237,3956963,21152,42304,745000000
WY,1970,1943000000,255480,278701,1055504,5845,0,332416,1436717,12129,24257,227000000
AK,1980,15282000000,295745,287424,3443887,38029,0,401851,3684570,8321,16643,1010000000
AL,1980,36143000000,1644874,1389727,761852,9282,256310,3893888,1332307,238766,477532,6643000000
AR,1980,20276000000,859238,610360,112776,8868,85438,2286435,382605,69996,139992,3806000000
AZ,1980,30764000000,754491,720245,243150,11318,0,2718215,363380,120006,240012,4169000000
CA,1980,3.27959E+11,6540472,5434337,2011465,13857,53665,23667902,2999601,591928,1183856,35906000000
CO,1980,38332000000,838088,820169,585311,13264,7273,2889964,836713,28582,57165,4164000000
CT,1980,40770000000,728226,576647,0,13120,129094,3107576,172842,43748,87495,4698000000
DE,1980,7898000000,242340,243646,0,13289,0,594338,2472,2472,4944,1280000000
FL,1980,97899000000,2511917,2205741,248739,10045,182563,9746324,590747,90049,180097,14765000000
GA,1980,56229000000,1717236,1538992,0,10292,92015,5463105,236053,144038,288076,8772000000
HI,1980,13380000000,262347,249539,0,13870,0,964691,12808,12808,25616,1721000000
IA,1980,34582000000,983303,854781,10284,11868,27955,2913808,96795,58556,117112,4863000000
ID,1980,9916000000,347655,173936,0,10505,0,943935,113407,113407,226813,1466000000
IL,1980,1.45264E+11,3768260,3368521,1488828,12713,302604,11426518,1886841,92366,184731,18457000000
IN,1980,58871000000,2400197,2382019,699852,10723,0,5490224,756592,56145,112290,10026000000
KS,1980,28298000000,1022129,1046224,365978,11972,0,2363679,1175714,9088,18176,4080000000
KY,1980,37017000000,1367982,1326790,3737849,10112,0,3660777,3863932,55822,111644,6007000000
LA,1980,63926000000,3908929,3724254,1240073,15199,0,4205900,4403760,64707,129414,12976000000
MA,1980,69684000000,1246693,1102769,0,12146,35255,5737037,107750,72495,144990,8220000000
MD,1980,47522000000,1156510,931610,89500,11269,119409,4216975,254802,45823,91646,6437000000
ME,1980,10263000000,381550,203510,0,9125,48040,1124660,169165,121124,242248,1787000000
MI,1980,1.04135E+11,2824417,2540336,196086,11243,173339,9262078,661725,103039,206078,14050000000
MN,1980,50219000000,1224226,1025710,0,12321,109374,4075970,164168,54794,109588,6066000000
MO,1980,52420000000,1422627,1414947,109425,10662,0,4916686,140305,30880,61761,7435000000
MS,1980,21353000000,833876,728518,208481,8471,0,2520638,427539,38097,76194,3813000000
MT,1980,8925000000,360216,285363,707138,11345,0,786690,876249,114608,229216,1410000000
NC,1980,58791000000,1667382,1438732,0,9995,62997,5881766,198907,135910,271820,8537000000
ND,1980,7645000000,222373,313992,457673,11713,0,652717,538864,28555,57110,1247000000
NE,1980,18294000000,507068,442915,36192,11654,63082,1569825,121789,19778,39556,2456000000
NH,1980,9263000000,208260,171758,0,10062,0,920610,32382,32382,64764,1308000000
NJ,1980,88334000000,2042226,1659348,0,11994,83192,7364823,131576,48383,96766,12697000000
NM,1980,15731000000,480615,635566,781950,12074,0,1302894,2112002,6223,12445,2208000000
NV,1980,11633000000,291313,302359,5104,14532,0,800493,32507,27403,54806,1659000000
NY,1980,2.35746E+11,3863274,3202012,4779,13427,210259,17558072,635743,404671,809342,23122000000
OH,1980,1.21228E+11,3950811,3670319,956243,11227,23115,10797630,1227811,107374,214748,18125000000
OK,1980,37608000000,1213993,1287827,998769,12431,0,3025290,3099268,24855,49710,5010000000
OR,1980,30001000000,945029,428758,0,11394,58844,2633105,459978,401129,802258,3903000000
PA,1980,1.27181E+11,3996299,3862015,2385875,10720,131893,11863895,2754247,136826,273652,18573000000
RI,1980,9626000000,185615,130914,0,10163,0,947154,7287,7287,14574,1246000000
SC,1980,27607000000,997901,743921,0,8843,189846,3121820,261030,71184,142368,4726000000
SD,1980,6760000000,190687,162458,4437,9786,0,690768,69403,63775,127550,1131000000
TN,1980,44972000000,1724916,1311218,243339,9795,5660,4591120,410631,160372,320743,7521000000
TX,1980,2.03073E+11,9385532,9412186,6000360,14272,0,14229191,13294899,65819,131638,37956000000
US,1980,2.71393E+12,78047519,69847449,36878519,11980,2739169,226545805,67261307,5424534,10849068,3.7435E+11
UT,1980,15311000000,504574,493569,454650,10480,0,1461037,571908,13025,26050,2201000000
VA,1980,58669000000,1530854,1130684,1063407,10973,125071,5346818,1281987,85571,171142,8387000000
VT,1980,4856000000,125793,66119,0,9494,32497,511456,55378,22881,45762,739000000
WA,1980,52682000000,1636821,821174,83268,12749,22269,4132156,1057170,951633,1903266,5473000000
WI,1980,52899000000,1463981,1156903,0,11241,108111,4705767,295424,187312,374624,6739000000
WV,1980,18409000000,788175,1223031,3125563,9442,0,1949644,3325747,23421,46842,3219000000
WY,1980,10428000000,362253,514628,2422794,22208,0,469557,2898616,14250,28500,1402000000
AK,1990,25040000000,584082,565722,3781006,45524,0,550043,4232243,18357,36715,2079000000
AL,1990,71610000000,1659374,1417537,815282,17723,127533,4040587,1341945,253287,503333,8193000000
AR,1990,38680000000,849198,713092,61563,16454,119387,2350725,468832,110505,219994,4678000000
AZ,1990,70632000000,950195,821435,249720,19271,217965,3665228,564631,94753,189506,6527000000
CA,1990,7.7346E+11,7439360,5691323,1861766,25990,345955,29760021,3278511,672975,1338154,48508000000
CO,1990,75571000000,944300,896141,581157,22939,0,3294394,875376,27106,52637,5277000000
CT,1990,1.00169E+11,775896,586831,0,30473,209272,3287116,243985,34712,69425,6246000000
DE,1990,19928000000,251796,234607,0,29914,0,666168,1653,1653,3306,1413000000
FL,1990,2.56589E+11,3289151,2542784,32915,19832,230471,12937926,473948,199621,397972,20976000000
GA,1990,1.40646E+11,2216211,1848804,0,21711,262401,6478216,497899,236225,470998,12979000000
HI,1990,32534000000,321420,293483,0,29357,0,1108229,27937,27937,55874,2118000000
IA,1990,56122000000,949263,811697,7717,20211,31868,2776755,128088,74025,145496,5241000000
ID,1990,18004000000,409001,176989,0,17883,0,1006749,119510,119701,238330,1850000000
IL,1990,2.79019E+11,3612494,2801030,1465995,24410,760711,11430602,2344501,102981,188404,21555000000
IN,1990,1.1086E+11,2488999,2633740,814705,19996,0,5544159,875212,60812,112090,12192000000
KS,1990,51874000000,1074411,1023486,338892,20937,83328,2477574,1060694,13869,26859,5314000000
KY,1990,68412000000,1489868,1496762,4445734,18564,0,3685296,4578095,53391,100952,7390000000
LA,1990,95177000000,3704139,3475292,899820,22554,150230,4219973,3137054,125516,250398,14419000000
MA,1990,1.59505E+11,1418231,1193726,0,26512,53647,6016425,118910,65263,130526,10772000000
MD,1990,1.12835E+11,1277680,972858,88005,23598,13242,4781468,151816,50546,101092,8045000000
ME,1990,23256000000,430659,262432,0,18939,51436,1227928,203066,151630,303260,2651000000
MI,1990,1.93103E+11,2866603,2539160,114121,20774,228682,9295297,632372,102166,195971,16734000000
MN,1990,1.02757E+11,1409665,1120143,0,23487,128458,4375099,188338,60972,118129,7625000000
MO,1990,1.03566E+11,1506669,1367469,56804,20239,84635,5117073,182406,43149,81918,9360000000
MS,1990,38757000000,1019810,739913,156797,15062,78541,2573216,418688,84868,169737,4955000000
MT,1990,13242000000,350591,355665,793240,16572,0,799065,970497,123371,246744,1696000000
NC,1990,1.39658E+11,2064098,1450518,0,21069,274130,6628637,442851,168721,337442,12593000000
ND,1990,11509000000,312939,514616,600610,18017,0,638800,689546,21154,41989,1410000000
NE,1990,33734000000,533802,453901,34156,21372,79485,1578385,132716,19705,34701,3164000000
NH,1990,23768000000,267260,204841,0,21427,43182,1109252,90006,46824,93648,2018000000
NJ,1990,2.14357E+11,2262861,1656516,0,27730,251538,7730188,277680,26142,52284,15668000000
NM,1990,26600000000,597445,737889,844264,17557,0,1515069,1973469,8718,15051,2955000000
NV,1990,30980000000,410370,400972,23264,25777,0,1201833,52932,30071,59336,2403000000
NY,1990,4.93192E+11,3768938,3030340,2407,27414,249982,17990455,669114,390951,781902,27816000000
OH,1990,2.27413E+11,3822978,3288861,884329,20965,112845,10847115,1232801,79958,143080,21113000000
OK,1990,57805000000,1393309,1337588,693349,18377,0,3145585,3224919,49914,99828,6240000000
OR,1990,56566000000,993039,473562,0,19901,64273,2842321,554563,487410,974820,4991000000
PA,1990,2.45281E+11,3647112,3461263,1846758,20644,611503,11881643,2734808,91855,183710,22337000000
RI,1990,21664000000,214939,145043,0,21589,0,1003464,4499,4499,8998,1649000000
SC,1990,65157000000,1269960,810937,0,18687,453763,3486703,559868,106617,212210,6880000000
SD,1990,12770000000,220217,168720,9558,18348,0,696004,54866,44283,87712,1389000000
TN,1990,94087000000,1804944,1381255,159265,19291,148175,4877185,475365,165010,326550,9654000000
TX,1990,3.78943E+11,10091766,9968710,4641892,22308,167823,16986510,10578173,117290,230535,45461000000
US,1990,5.65175E+12,84455309,72296379,38332322,22724,6104350,248709873,71101405,6041913,11972961,4.74652E+11
UT,1990,31249000000,538104,686982,671509,18138,0,1722850,871023,10778,21548,2749000000
VA,1990,1.44971E+11,1969215,1299569,1276307,23430,252065,6187358,1648621,105874,209170,11367000000
VT,1990,11674000000,127389,78898,0,20744,38267,562758,57751,19484,38968,1082000000
WA,1990,1.1864E+11,2078810,1016175,81056,24378,60762,4866692,1146162,1004696,2008042,8596000000
WI,1990,1.00236E+11,1485607,1184253,0,20491,118793,4891769,221357,103244,205129,8168000000
WV,1990,27754000000,701782,1210146,4462465,15475,0,1793477,4686846,18512,37024,3529000000
WY,1990,12706000000,399316,683917,3796847,28012,0,453588,4663386,9529,18902,1524000000
AK,2000,26807000000,742061,729682,2085754,42759,0,626932,2647192,12375,24408,2842000000
AL,2000,1.19852E+11,2093922,1832388,533350,26951,327143,4447100,1538212,263303,526605,12039000000
AR,2000,68679000000,1141593,881279,41762,25690,121516,2673400,447383,108634,217268,7188000000
AZ,2000,1.65111E+11,1332442,1143640,287114,32181,316839,5130632,705103,102228,201552,10625000000
CA,2000,1.35698E+12,7893262,6097915,1572566,40062,366845,33871648,3067393,741757,1472595,68282000000
CO,2000,1.80063E+11,1268642,1192573,755213,41863,0,4301261,1584090,31999,54012,8661000000
CT,2000,1.65614E+11,844550,628678,0,48630,170674,3405565,221252,50913,101156,7993000000
DE,2000,43451000000,305696,231146,0,55450,0,783600,2291,2291,4581,1932000000
FL,2000,4.9043E+11,4076022,3242725,26831,30686,336766,15982378,567461,195106,389905,30216000000
GA,2000,3.05572E+11,2920928,2254212,0,37327,338660,8186453,560846,222186,444372,19652000000
HI,2000,41097000000,273307,252920,0,33921,0,1211537,20387,20387,40774,2705000000
IA,2000,93112000000,1196131,1044189,0,31819,46439,2926324,155811,80729,155512,8186000000
ID,2000,38083000000,544380,255589,0,29432,0,1293953,141448,141037,282181,3137000000
IL,2000,4.87015E+11,4029159,3316432,846187,39214,932749,12419293,1888998,97688,156830,28883000000
IN,2000,2.03801E+11,2867279,3021189,633337,33517,0,6080485,678282,48674,79046,16661000000
KS,2000,86099000000,1116109,1067028,204201,32026,94495,2688418,906013,9920,19986,7257000000
KY,2000,1.14169E+11,1802618,1826333,3290291,28247,0,4041769,3413474,36286,72104,10310000000
LA,2000,1.32641E+11,4330579,4045310,661873,29680,164734,4468976,2750023,142352,284657,23148000000
MA,2000,2.88791E+11,1535714,1211888,0,45485,57487,6349097,126951,69463,138927,14409000000
MD,2000,1.92021E+11,1459886,1078191,110587,36254,144204,5296486,308712,54124,107771,11258000000
ME,2000,36890000000,463343,317371,0,28935,0,1274923,163025,163025,326050,3735000000
MI,2000,3.52152E+11,3225008,2763318,45861,35433,196925,9938444,665202,118368,221012,22220000000
MN,2000,1.91515E+11,1749107,1398634,0,38930,135160,4919479,238587,104646,175238,12224000000
MO,2000,1.8665E+11,1831457,1651320,10020,33359,104205,5595211,135904,23293,41963,13229000000
MS,2000,65673000000,1245835,915384,125256,23086,111534,2844658,421004,75389,150779,7596000000
MT,2000,21877000000,410631,411797,786377,24249,0,902195,972180,113793,227505,2567000000
NC,2000,2.78009E+11,2612315,1933328,0,34538,408054,8049313,544289,139510,272468,19065000000
ND,2000,18100000000,381565,597317,598133,28184,0,642200,690734,26151,51695,1972000000
NE,2000,56528000000,667989,555802,17151,33033,89988,1711263,175821,43687,88763,4382000000
NH,2000,45342000000,309761,239199,0,36691,82617,1235786,121237,38620,77240,3136000000
NJ,2000,3.61005E+11,2483356,1922979,0,42903,298041,8414350,338371,41098,80658,20409000000
NM,2000,55105000000,662696,795900,903105,30293,0,1819046,2718824,10611,17008,4025000000
NV,2000,76833000000,625648,626669,3602,38450,0,1998257,48347,47129,89477,4733000000
NY,2000,8.41181E+11,4138667,3214353,1218,44328,328597,18976457,777276,430515,858416,39217000000
OH,2000,3.92277E+11,4273427,3606927,566371,34552,175013,11353140,930383,98927,158663,29344000000
OK,2000,91094000000,1486799,1439456,446549,26399,0,3450654,2273699,47389,94778,9291000000
OR,2000,1.17155E+11,1135473,648427,0,34242,0,3421399,437913,437829,873333,7581000000
PA,2000,4.0916E+11,3942074,3642943,1955187,33316,769361,12281054,2994281,114696,227178,28949000000
RI,2000,34467000000,205766,189007,0,32878,0,1048319,4520,4520,9040,2171000000
SC,2000,1.15321E+11,1614128,1069481,0,28744,530708,4012012,623170,92462,184924,10142000000
SD,2000,22743000000,263270,204701,6786,30129,0,754844,71314,63439,123379,1957000000
TN,2000,1.82247E+11,2197309,1682731,70034,32033,269327,5689283,464215,120501,241824,13759000000
TX,2000,7.38677E+11,12141592,11865411,3204063,35425,391670,20851820,9681342,101491,192144,74551000000
US,2000,1.0251E+13,98694756,84547512,34953292,36426,7862349,281421906,71237674,6104332,11970383,6.87711E+11
UT,2000,70296000000,744480,844215,721959,31478,0,2233169,1038644,16401,30810,4509000000
VA,2000,2.68471E+11,2405827,1654084,870096,37928,295361,7078515,1353571,117048,227944,16203000000
VT,2000,18341000000,148507,98638,0,30125,47432,608827,68821,21389,42777,1613000000
WA,2000,2.37378E+11,2248092,1238823,66520,40274,89744,5894121,1065124,911481,1817454,12958000000
WI,2000,1.80427E+11,1878161,1496915,0,33639,120059,5363675,233384,115703,226075,12643000000
WV,2000,42496000000,736985,1342231,4023641,23500,0,1808344,4338635,17406,34758,4324000000
WY,2000,17153000000,427791,757850,6244492,34738,0,493782,7491338,15011,30081,2174000000
AK,2010,53332000000,639266,622114,1303199,75091,0,710231,1739474,17148,33930,6320000000
AL,2010,1.77249E+11,1942188,1784523,534593,37083,396557,4779736,1429510,266140,484486,21629000000
AR,2010,1.01487E+11,1129224,911280,33969,34804,157017,2915918,1255308,138625,251466,12309000000
AZ,2010,2.51153E+11,1434861,1344322,168145,39292,326102,6392017,579288,100948,162937,20320000000
CA,2010,1.95409E+12,7651772,5631431,1162146,52453,336562,37253956,2534508,837590,1421622,1.16276E+11
CO,2010,2.583E+11,1517105,1371949,743619,51360,0,5029196,2557690,82452,147903,17069000000
CT,2010,2.347E+11,769858,564646,0,65667,175074,3574097,205449,43562,60695,14329000000
DE,2010,58164000000,266384,187284,0,64775,0,897934,3842,7759,7685,3842000000
FL,2010,7.46929E+11,4319171,3534659,10307,39727,250178,18801310,503399,289764,460538,60735000000
GA,2010,4.18091E+11,3147631,2362378,0,43157,350268,9687653,570805,247303,427156,38096000000
HI,2010,66873000000,297556,279314,0,49160,0,1360301,15285,18242,30571,6200000000
IA,2010,1.42234E+11,1498067,1189985,0,46690,46518,3046355,665133,335054,746841,14727000000
ID,2010,55588000000,523118,254995,0,35461,0,1567582,133887,132246,259410,5778000000
IL,2010,6.66405E+11,3981181,3231953,820008,51939,1005374,12830632,2125871,216390,386666,45199000000
IN,2010,2.82562E+11,2852101,2746897,801532,43580,0,6483802,1014017,148291,277136,27360000000
KS,2010,1.28591E+11,1109761,988406,237795,45070,99876,2853118,811892,75258,144676,11615000000
KY,2010,1.66409E+11,2002994,1893168,2570703,38349,0,4339367,2787102,84516,135285,20415000000
LA,2010,2.25309E+11,4124890,3704458,446368,49700,194818,4533372,3173816,134463,226417,40659000000
MA,2010,4.11136E+11,1431293,1119258,0,62792,61853,6547629,112529,75324,101345,24780000000
MD,2010,3.14728E+11,1486516,982313,58798,54512,146265,5773552,253801,71905,97331,21737000000
ME,2010,52256000000,418057,273227,0,39339,0,1328361,159002,163928,317994,6290000000
MI,2010,3.90043E+11,2780081,2322640,40484,39463,309636,9883640,635800,160228,258914,34657000000
MN,2010,2.74231E+11,1855906,1330667,0,51703,140873,5303925,431947,224991,426724,20894000000
MO,2010,2.59816E+11,1925762,1729913,10663,43383,94027,5988927,207124,100761,165404,23035000000
MS,2010,93943000000,1153755,972922,180676,31659,100791,2967297,448125,74760,121010,12900000000
MT,2010,38336000000,405113,448199,943961,38746,0,989415,1149362,117222,229568,4766000000
NC,2010,4.20028E+11,2756601,1933933,0,44049,425810,9535483,584206,189840,315698,34288000000
ND,2010,35676000000,473681,621938,1030488,53043,0,672591,1247321,84009,172082,4375000000
NE,2010,91562000000,867558,667510,13520,50134,115540,1826341,411720,133695,306796,8788000000
NH,2010,64844000000,299071,244684,0,49256,114032,1316470,159178,51207,90293,5298000000
NJ,2010,4.92762E+11,2289793,1663423,0,56047,342526,8791894,380036,74452,75020,35476000000
NM,2010,84612000000,653704,739887,761748,41090,0,2059179,2248542,39937,63924,7301000000
NV,2010,1.24669E+11,698602,630646,2471,46164,0,2700551,51437,56490,97908,10210000000
NY,2010,1.22353E+12,3874609,2876076,2210,63140,437620,19378102,842766,405869,717850,64480000000
OH,2010,5.00515E+11,3788343,3257301,672625,43385,165192,11536504,1044134,129229,193283,44137000000
OK,2010,1.54287E+11,1579813,1567515,424717,41128,0,3751351,2587961,108361,190874,16989000000
OR,2010,1.64137E+11,981828,627652,0,42844,0,3831074,400176,406575,792570,12707000000
PA,2010,6.04737E+11,3755033,3458282,1504555,47608,813462,12702379,3078204,191041,303173,48688000000
RI,2010,49468000000,195400,184486,0,46997,0,1052567,3726,7181,7432,3688000000
SC,2010,1.6586E+11,1665789,1137660,0,35859,543379,4625364,658750,134412,230659,18971000000
SD,2010,37853000000,377425,226351,9321,46492,0,814180,221127,128953,278479,3888000000
TN,2010,2.57776E+11,2251487,1460308,46521,40620,289930,6346105,508887,176946,309204,25589000000
TX,2010,1.24596E+12,11605812,10653305,3013507,49550,432036,25145561,11384911,458208,746982,1.36163E+11
US,2010,1.5049E+13,97513781,80728783,33441770,48742,8434433,308745538,74784036,8268103,14762132,1.21428E+12
UT,2010,1.1867E+11,753018,844360,588737,42936,0,2763885,1072384,22774,35360,8406000000
VA,2010,4.26992E+11,2532435,1577291,564396,53367,277729,8001024,1104323,143773,221355,30699000000
VT,2010,27407000000,155696,90010,0,43799,49986,625741,82407,34818,64840,2796000000
WA,2010,3.65498E+11,2007894,1081712,0,54353,96588,6724540,918774,839888,1643437,22300000000
WI,2010,2.56433E+11,1809801,1363676,0,45091,138812,5686986,343078,186273,340480,21680000000
WV,2010,65999000000,751538,1174120,3356801,35617,0,1852994,3703823,52218,91956,8182000000
WY,2010,37681000000,541026,805817,7970848,66855,0,563626,10528548,45955,88529,4600000000
AK,2020,50475000000,640132,614585,948005,68824,0,733391,1348969,25546,49364,4709000000
AL,2020,2.30892E+11,1838656,1495094,337810,45955,454756,5024279,1205912,308293,575473,18570000000
AR,2020,1.33969E+11,1034661,812502,23578,44485,157288,3011524,782360,118159,214639,10368000000
AZ,2020,3.82072E+11,1508154,1217452,28,53425,329471,7151502,481613,177724,304092,20340000000
CA,2020,3.02017E+12,6922764,4844892,814462,76386,169773,39538223,2190166,1140522,2007437,1.14485E+11
CO,2020,3.91263E+11,1451112,1209252,1165626,67766,0,5773714,3775295,194308,354016,15449000000
CT,2020,2.76223E+11,667011,560491,0,76602,164095,3605944,201489,46793,72161,11540000000
DE,2020,75819000000,277144,200784,0,76589,0,989948,3571,7724,7143,3153000000
FL,2020,1.11673E+12,4003133,3290746,8468,51849,307197,21538187,574876,316200,516179,51441000000
GA,2020,6.25426E+11,2727565,1813309,0,58386,342766,10711908,655962,328396,618424,31018000000
HI,2020,82536000000,232516,201031,0,56715,0,1455271,27957,31485,55441,4696000000
IA,2020,1.96983E+11,1526087,979143,0,61743,30333,3190369,930348,556560,1231164,12694000000
ID,2020,85928000000,550098,309307,6,46723,0,1839106,151734,157973,301162,5949000000
IL,2020,8.56943E+11,3612925,2589536,730246,66883,1046769,12812508,2160217,297419,550062,34115000000
IN,2020,3.73782E+11,2564421,2194808,458747,55085,0,6785528,710151,182458,349519,24287000000
KS,2020,1.77581E+11,1069542,830095,160828,60445,110502,2937880,759592,260766,518728,10263000000
KY,2020,2.16866E+11,1595472,1377221,583979,48130,0,4505836,756015,100829,168544,15508000000
LA,2020,2.32528E+11,4200360,3747127,218343,49923,176988,4657757,3838280,144864,262366,24234000000
MA,2020,5.8515E+11,1278411,850562,0,83237,0,7029917,73946,94717,147796,20902000000
MD,2020,4.10931E+11,1212643,745762,27404,66524,157471,6177224,232114,66980,94457,15952000000
ME,2020,70740000000,365101,206378,0,51925,0,1362359,132947,138704,265847,4885000000
MI,2020,5.20105E+11,2610581,2094253,23885,51611,316732,10077331,635494,235276,406948,29070000000
MN,2020,3.76814E+11,1731499,1192232,0,66032,153260,5706494,505243,286538,538236,17647000000
MO,2020,3.3025E+11,1702136,1432785,3785,53656,80843,6154913,224636,117640,215290,18888000000
MS,2020,1.15123E+11,1037261,1034000,107195,38876,67569,2961279,268056,68745,125423,10581000000
MT,2020,52356000000,429327,362180,577120,48289,0,1084225,757430,142410,275888,4402000000
NC,2020,5.98916E+11,2470897,1593032,0,57371,441997,10439388,723140,293286,562126,28737000000
ND,2020,54423000000,625886,676876,2839215,69854,0,779094,4274952,176854,368284,4848000000
NE,2020,1.34581E+11,863654,634995,9527,68611,64621,1961504,416814,202923,441066,7637000000
NH,2020,88338000000,295548,191971,0,64128,103012,1377529,148723,51244,91102,4621000000
NJ,2020,6.20086E+11,1893854,1380604,0,66755,279201,9288994,331078,80791,103755,24827000000
NM,2020,98790000000,699738,670177,2299307,46654,0,2117522,4673691,106583,192894,6791000000
NV,2020,1.72563E+11,710083,584838,1115,55583,0,3104614,116402,125593,230548,8778000000
NY,2020,1.74081E+12,3354222,2375227,1565,86173,401287,20201249,839025,468493,842360,47968000000
OH,2020,6.84383E+11,3404480,2774264,223809,58001,190243,11799448,3186943,151441,240667,34994000000
OK,2020,1.90064E+11,1579183,1382548,977388,48004,0,3959353,4545564,337243,642669,13106000000
OR,2020,2.47967E+11,982979,594842,0,58521,0,4237256,453865,470322,901127,12066000000
PA,2020,7.71613E+11,3412995,3109551,940281,59343,799036,13002700,9492059,217983,361584,37545000000
RI,2020,60771000000,175780,169397,0,55378,0,1097379,11420,13932,22282,3140000000
SC,2020,2.4536E+11,1533340,949006,0,47937,571711,5118425,732412,174026,321402,16657000000
SD,2020,55681000000,396626,232542,5958,62798,0,886667,268394,171148,366825,3714000000
TN,2020,3.79007E+11,2039089,1233986,3316,54842,383098,6910840,591321,212085,376611,21401000000
TX,2020,1.78993E+12,13480760,11767097,10372281,61414,432703,29145505,23329131,1150162,2059665,1.08196E+11
US,2020,2.10605E+13,92862342,73054871,34224470,63541,8247915,331449281,95710873,11411059,21106546,1.00743E+12
UT,2020,2.02133E+11,829039,798016,472310,61784,0,3271616,789072,62000,101672,8709000000
VA,2020,5.56993E+11,2273099,1567763,251927,64531,314722,8631393,821769,170475,293929,25577000000
VT,2020,34019000000,125702,83952,0,52900,0,643077,37481,39850,74962,2325000000
WA,2020,6.12969E+11,1779399,1037461,0,79552,98437,7705281,969677,884943,1732874,19932000000
WI,2020,3.40591E+11,1708131,1315167,0,57789,102032,5893718,302978,183122,335416,18496000000
WV,2020,76548000000,803921,985400,1856826,42676,0,1793716,5020189,48051,82881,6729000000
WY,2020,36330000000,504390,697108,4329617,62980,0,576851,5884410,68452,129754,3869000000
